sex,sex_label,age_group,age_group_label,weight_class_kg,year,result_count,squat_sample_size,avg_squat_kg,bench_sample_size,avg_bench_kg,deadlift_sample_size,avg_deadlift_kg,dataset_updated
M,Males,sub_junior,Sub-Junior (up to 18),30,2022,7,7,22.14,7,15.5,7,38.36,2026-10-05
M,Males,sub_junior,Sub-Junior (up to 18),30,2023,3,3,28.33,3,17.5,3,45.83,2026-10-05
M,Males,sub_junior,Sub-Junior (up to 18),30,2024,8,8,30.38,8,18.0,8,50.88,2026-10-05
M,Males,sub_junior,Sub-Junior (up to 18),30,2025,5,5,27.6,5,18.0,5,48.0,2026-10-05
M,Males,sub_junior,Sub-Junior (up to 18),33,2024,2,2,47.5,2,23.75,2,65.0,2026-10-05
M,Males,sub_junior,Sub-Junior (up to 18),33,2025,1,1,42.5,1,20.0,1,65.0,2026-10-05
M,Males,sub_junior,Sub-Junior (up to 18),33,2026,1,1,30.0,1,15.0,1,40.0,2026-10-05
M,Males,sub_junior,Sub-Junior (up to 18),35,2022,1,1,27.5,1,20.0,1,40.0,2026-10-05
M,Males,sub_junior,Sub-Junior (up to 18),35,2023,1,1,33.0,1,17.5,1,52.5,2026-10-05
M,Males,sub_junior,Sub-Junior (up to 18),35,2024,6,6,35.92,6,19.58,6,53.75,2026-10-05
M,Males,sub_junior,Sub-Junior (up to 18),35,2025,3,3,40.0,3,21.17,3,61.5,2026-10-05
M,Males,sub_junior,Sub-Junior (up to 18),35,2026,3,3,27.83,3,17.83,3,53.33,2026-10-05
M,Males,sub_junior,Sub-Junior (up to 18),37,2023,1,1,42.5,1,17.5,1,62.5,2026-10-05
M,Males,sub_junior,Sub-Junior (up to 18),38,2024,4,4,67.5,4,35.63,4,85.0,2026-10-05
M,Males,sub_junior,Sub-Junior (up to 18),40,2022,1,1,52.5,1,30.0,1,75.0,2026-10-05
M,Males,sub_junior,Sub-Junior (up to 18),40,2023,5,5,30.4,5,21.0,5,52.5,2026-10-05
M,Males,sub_junior,Sub-Junior (up to 18),40,2024,2,2,42.75,2,24.25,2,57.5,2026-10-05
M,Males,sub_junior,Sub-Junior (up to 18),40,2025,6,6,40.33,6,24.08,6,61.67,2026-10-05
M,Males,sub_junior,Sub-Junior (up to 18),40,2026,4,4,43.13,4,23.88,4,64.13,2026-10-05
M,Males,sub_junior,Sub-Junior (up to 18),43,2024,2,2,72.5,2,42.5,2,90.25,2026-10-05
M,Males,sub_junior,Sub-Junior (up to 18),44,2022,1,1,55.0,1,30.0,1,76.0,2026-10-05
M,Males,sub_junior,Sub-Junior (up to 18),44,2024,8,8,43.5,8,27.75,8,60.31,2026-10-05
M,Males,sub_junior,Sub-Junior (up to 18),44,2026,4,4,49.13,4,27.88,4,66.88,2026-10-05
M,Males,sub_junior,Sub-Junior (up to 18),46,2024,6,6,71.25,6,44.17,6,87.08,2026-10-05
M,Males,sub_junior,Sub-Junior (up to 18),47,2023,6,6,45.0,6,23.75,6,67.08,2026-10-05
M,Males,sub_junior,Sub-Junior (up to 18),47,2024,3,3,43.33,3,25.0,3,69.17,2026-10-05
M,Males,sub_junior,Sub-Junior (up to 18),48,2022,1,1,90.0,1,55.0,1,102.5,2026-10-05
M,Males,sub_junior,Sub-Junior (up to 18),48,2023,5,5,52.0,5,30.0,5,71.2,2026-10-05
M,Males,sub_junior,Sub-Junior (up to 18),48,2024,3,3,62.67,3,34.17,3,84.17,2026-10-05
M,Males,sub_junior,Sub-Junior (up to 18),48,2025,8,8,60.0,8,32.56,8,74.38,2026-10-05
M,Males,sub_junior,Sub-Junior (up to 18),48,2026,2,2,32.5,2,23.75,2,53.75,2026-10-05
M,Males,sub_junior,Sub-Junior (up to 18),49,2024,1,1,50.0,1,35.0,1,65.0,2026-10-05
M,Males,sub_junior,Sub-Junior (up to 18),53,2022,93,93,97.96,93,59.82,93,124.38,2026-10-05
M,Males,sub_junior,Sub-Junior (up to 18),53,2023,156,156,96.62,156,59.47,156,124.59,2026-10-05
M,Males,sub_junior,Sub-Junior (up to 18),53,2024,233,233,103.68,233,64.96,233,131.01,2026-10-05
M,Males,sub_junior,Sub-Junior (up to 18),53,2025,171,171,111.97,171,67.58,171,136.0,2026-10-05
M,Males,sub_junior,Sub-Junior (up to 18),53,2026,153,153,112.19,153,70.52,153,139.61,2026-10-05
M,Males,sub_junior,Sub-Junior (up to 18),57,2025,1,1,62.5,1,30.0,1,77.5,2026-10-05
M,Males,sub_junior,Sub-Junior (up to 18),59,2022,228,228,119.63,228,74.94,228,147.79,2026-10-05
M,Males,sub_junior,Sub-Junior (up to 18),59,2023,464,464,123.67,463,77.02,464,153.49,2026-10-05
M,Males,sub_junior,Sub-Junior (up to 18),59,2024,513,513,131.74,513,81.82,513,161.56,2026-10-05
M,Males,sub_junior,Sub-Junior (up to 18),59,2025,430,430,135.87,430,84.93,430,165.66,2026-10-05
M,Males,sub_junior,Sub-Junior (up to 18),59,2026,260,260,134.63,260,85.92,260,163.96,2026-10-05
M,Males,sub_junior,Sub-Junior (up to 18),66,2022,467,467,139.58,466,89.38,467,171.67,2026-10-05
M,Males,sub_junior,Sub-Junior (up to 18),66,2023,850,850,143.84,850,88.99,850,175.27,2026-10-05
M,Males,sub_junior,Sub-Junior (up to 18),66,2024,1012,1012,149.14,1012,92.77,1012,178.88,2026-10-05
M,Males,sub_junior,Sub-Junior (up to 18),66,2025,960,960,151.6,960,95.07,960,181.21,2026-10-05
M,Males,sub_junior,Sub-Junior (up to 18),66,2026,547,547,153.26,547,96.66,547,183.36,2026-10-05
M,Males,sub_junior,Sub-Junior (up to 18),74,2022,808,808,154.25,808,97.82,808,186.6,2026-10-05
M,Males,sub_junior,Sub-Junior (up to 18),74,2023,1377,1377,160.49,1376,98.87,1376,192.03,2026-10-05
M,Males,sub_junior,Sub-Junior (up to 18),74,2024,1596,1596,165.4,1596,102.88,1596,195.06,2026-10-05
M,Males,sub_junior,Sub-Junior (up to 18),74,2025,1554,1554,168.81,1554,106.38,1554,197.29,2026-10-05
M,Males,sub_junior,Sub-Junior (up to 18),74,2026,879,879,170.72,879,107.78,879,198.36,2026-10-05
M,Males,sub_junior,Sub-Junior (up to 18),74+,2022,11,11,179.09,11,107.95,11,196.82,2026-10-05
M,Males,sub_junior,Sub-Junior (up to 18),74+,2023,7,7,195.0,7,120.36,7,223.21,2026-10-05
M,Males,sub_junior,Sub-Junior (up to 18),74+,2024,1,1,82.5,1,40.0,1,102.5,2026-10-05
M,Males,sub_junior,Sub-Junior (up to 18),74+,2025,1,1,110.0,1,42.5,1,120.0,2026-10-05
M,Males,sub_junior,Sub-Junior (up to 18),83,2022,976,976,169.97,976,106.87,976,202.47,2026-10-05
M,Males,sub_junior,Sub-Junior (up to 18),83,2023,1522,1522,175.23,1522,108.81,1522,205.09,2026-10-05
M,Males,sub_junior,Sub-Junior (up to 18),83,2024,1817,1817,179.61,1817,111.56,1817,208.67,2026-10-05
M,Males,sub_junior,Sub-Junior (up to 18),83,2025,1704,1703,183.71,1704,115.89,1704,210.96,2026-10-05
M,Males,sub_junior,Sub-Junior (up to 18),83,2026,977,977,182.94,977,115.72,977,210.92,2026-10-05
M,Males,sub_junior,Sub-Junior (up to 18),83+,2022,5,5,197.0,5,120.5,5,216.5,2026-10-05
M,Males,sub_junior,Sub-Junior (up to 18),83+,2023,5,5,199.0,5,125.0,5,228.0,2026-10-05
M,Males,sub_junior,Sub-Junior (up to 18),83+,2024,3,3,200.83,3,108.33,3,215.0,2026-10-05
M,Males,sub_junior,Sub-Junior (up to 18),83+,2025,7,7,200.36,7,125.71,7,231.43,2026-10-05
M,Males,sub_junior,Sub-Junior (up to 18),85,2024,2,2,170.0,2,116.25,2,182.5,2026-10-05
M,Males,sub_junior,Sub-Junior (up to 18),85+,2024,2,2,218.75,2,141.25,2,247.5,2026-10-05
M,Males,sub_junior,Sub-Junior (up to 18),93,2022,707,707,180.86,707,114.3,707,211.09,2026-10-05
M,Males,sub_junior,Sub-Junior (up to 18),93,2023,1190,1189,187.1,1190,115.52,1190,216.03,2026-10-05
M,Males,sub_junior,Sub-Junior (up to 18),93,2024,1447,1447,191.87,1447,118.78,1447,219.01,2026-10-05
M,Males,sub_junior,Sub-Junior (up to 18),93,2025,1357,1357,197.0,1357,123.45,1357,223.45,2026-10-05
M,Males,sub_junior,Sub-Junior (up to 18),93,2026,728,728,194.97,728,123.13,728,219.62,2026-10-05
M,Males,sub_junior,Sub-Junior (up to 18),93+,2022,1,1,190.0,1,110.0,1,205.0,2026-10-05
M,Males,sub_junior,Sub-Junior (up to 18),93+,2023,1,1,147.5,1,102.5,1,175.0,2026-10-05
M,Males,sub_junior,Sub-Junior (up to 18),93+,2024,8,8,204.38,8,127.31,8,216.63,2026-10-05
M,Males,sub_junior,Sub-Junior (up to 18),93+,2025,17,17,225.29,17,130.76,17,235.09,2026-10-05
M,Males,sub_junior,Sub-Junior (up to 18),93+,2026,14,14,213.04,14,127.68,14,221.96,2026-10-05
M,Males,sub_junior,Sub-Junior (up to 18),105,2022,399,399,196.21,399,124.27,399,223.13,2026-10-05
M,Males,sub_junior,Sub-Junior (up to 18),105,2023,587,587,196.56,587,121.31,587,223.92,2026-10-05
M,Males,sub_junior,Sub-Junior (up to 18),105,2024,803,802,199.61,803,122.77,803,223.86,2026-10-05
M,Males,sub_junior,Sub-Junior (up to 18),105,2025,764,764,203.63,764,126.5,764,225.02,2026-10-05
M,Males,sub_junior,Sub-Junior (up to 18),105,2026,417,417,205.38,417,129.02,417,228.9,2026-10-05
M,Males,sub_junior,Sub-Junior (up to 18),105+,2022,1,1,175.0,1,100.0,1,225.0,2026-10-05
M,Males,sub_junior,Sub-Junior (up to 18),105+,2023,1,1,200.0,1,117.5,1,240.0,2026-10-05
M,Males,sub_junior,Sub-Junior (up to 18),105+,2024,4,4,192.5,4,141.38,4,223.88,2026-10-05
M,Males,sub_junior,Sub-Junior (up to 18),105+,2025,5,5,214.0,5,136.5,5,223.5,2026-10-05
M,Males,sub_junior,Sub-Junior (up to 18),105+,2026,3,3,235.83,3,145.0,3,241.67,2026-10-05
M,Males,sub_junior,Sub-Junior (up to 18),120,2022,155,155,200.35,155,123.96,155,222.9,2026-10-05
M,Males,sub_junior,Sub-Junior (up to 18),120,2023,266,266,205.83,265,124.9,266,225.04,2026-10-05
M,Males,sub_junior,Sub-Junior (up to 18),120,2024,346,346,209.66,346,128.32,346,227.58,2026-10-05
M,Males,sub_junior,Sub-Junior (up to 18),120,2025,321,321,205.16,321,129.47,321,221.66,2026-10-05
M,Males,sub_junior,Sub-Junior (up to 18),120,2026,177,177,202.61,177,127.95,177,220.69,2026-10-05
M,Males,sub_junior,Sub-Junior (up to 18),120+,2022,110,110,207.23,110,124.16,110,219.53,2026-10-05
M,Males,sub_junior,Sub-Junior (up to 18),120+,2023,126,126,209.64,126,126.32,126,216.91,2026-10-05
M,Males,sub_junior,Sub-Junior (up to 18),120+,2024,158,158,215.77,158,130.26,158,221.92,2026-10-05
M,Males,sub_junior,Sub-Junior (up to 18),120+,2025,175,175,222.41,175,132.7,175,224.02,2026-10-05
M,Males,sub_junior,Sub-Junior (up to 18),120+,2026,109,109,214.37,109,130.54,109,218.47,2026-10-05
M,Males,junior,Junior (19–23),46,2024,1,1,70.0,1,37.5,1,85.0,2026-10-05
M,Males,junior,Junior (19–23),53,2022,35,35,138.93,35,81.86,35,170.96,2026-10-05
M,Males,junior,Junior (19–23),53,2023,46,46,132.27,46,84.45,46,162.96,2026-10-05
M,Males,junior,Junior (19–23),53,2024,78,78,135.61,78,87.13,78,162.2,2026-10-05
M,Males,junior,Junior (19–23),53,2025,78,78,140.22,78,86.75,78,166.94,2026-10-05
M,Males,junior,Junior (19–23),53,2026,54,54,140.93,54,92.22,54,172.07,2026-10-05
M,Males,junior,Junior (19–23),59,2022,253,253,148.74,252,95.86,253,182.43,2026-10-05
M,Males,junior,Junior (19–23),59,2023,350,350,147.87,350,93.6,350,183.74,2026-10-05
M,Males,junior,Junior (19–23),59,2024,320,320,155.08,319,97.71,320,187.29,2026-10-05
M,Males,junior,Junior (19–23),59,2025,325,325,159.08,325,101.89,325,191.71,2026-10-05
M,Males,junior,Junior (19–23),59,2026,213,213,165.74,213,103.46,213,195.89,2026-10-05
M,Males,junior,Junior (19–23),66,2022,569,569,165.58,569,106.92,569,198.77,2026-10-05
M,Males,junior,Junior (19–23),66,2023,800,800,167.23,800,108.21,800,202.26,2026-10-05
M,Males,junior,Junior (19–23),66,2024,968,968,171.47,968,108.31,968,204.93,2026-10-05
M,Males,junior,Junior (19–23),66,2025,958,958,175.21,958,111.31,958,206.6,2026-10-05
M,Males,junior,Junior (19–23),66,2026,644,644,180.19,644,114.67,644,211.38,2026-10-05
M,Males,junior,Junior (19–23),74,2022,1266,1266,181.96,1266,117.29,1266,214.39,2026-10-05
M,Males,junior,Junior (19–23),74,2023,1760,1759,181.83,1758,115.83,1760,214.73,2026-10-05
M,Males,junior,Junior (19–23),74,2024,2017,2016,187.32,2017,118.6,2017,218.21,2026-10-05
M,Males,junior,Junior (19–23),74,2025,2064,2064,190.29,2064,120.88,2064,219.29,2026-10-05
M,Males,junior,Junior (19–23),74,2026,1192,1192,193.03,1192,123.0,1192,223.09,2026-10-05
M,Males,junior,Junior (19–23),83,2022,2091,2091,193.53,2090,125.08,2091,226.26,2026-10-05
M,Males,junior,Junior (19–23),83,2023,2669,2669,196.77,2669,125.3,2669,229.12,2026-10-05
M,Males,junior,Junior (19–23),83,2024,3002,3001,199.35,3002,126.35,3002,229.76,2026-10-05
M,Males,junior,Junior (19–23),83,2025,3200,3200,204.78,3200,129.68,3200,233.16,2026-10-05
M,Males,junior,Junior (19–23),83,2026,1848,1848,206.93,1848,132.27,1848,234.85,2026-10-05
M,Males,junior,Junior (19–23),83+,2022,26,26,234.94,26,145.87,26,253.27,2026-10-05
M,Males,junior,Junior (19–23),83+,2023,25,25,215.6,25,139.6,25,240.3,2026-10-05
M,Males,junior,Junior (19–23),83+,2024,5,5,198.0,5,122.5,5,210.0,2026-10-05
M,Males,junior,Junior (19–23),83+,2025,8,8,218.44,8,137.81,8,242.5,2026-10-05
M,Males,junior,Junior (19–23),83+,2026,7,7,234.0,7,138.57,7,254.64,2026-10-05
M,Males,junior,Junior (19–23),85,2024,2,2,167.5,2,110.0,2,222.5,2026-10-05
M,Males,junior,Junior (19–23),85+,2024,1,1,260.0,1,170.0,1,282.5,2026-10-05
M,Males,junior,Junior (19–23),90+,2026,2,2,267.5,2,163.75,2,263.75,2026-10-05
M,Males,junior,Junior (19–23),93,2022,1994,1994,207.49,1993,133.7,1994,239.96,2026-10-05
M,Males,junior,Junior (19–23),93,2023,2597,2597,209.3,2597,133.52,2597,240.68,2026-10-05
M,Males,junior,Junior (19–23),93,2024,3087,3087,213.69,3086,134.98,3087,241.77,2026-10-05
M,Males,junior,Junior (19–23),93,2025,3243,3243,217.43,3243,137.69,3243,245.0,2026-10-05
M,Males,junior,Junior (19–23),93,2026,1825,1825,218.55,1825,139.51,1825,245.26,2026-10-05
M,Males,junior,Junior (19–23),93+,2022,4,4,221.88,4,146.25,4,250.63,2026-10-05
M,Males,junior,Junior (19–23),93+,2023,4,4,178.75,4,123.75,4,218.75,2026-10-05
M,Males,junior,Junior (19–23),93+,2024,16,16,230.44,16,138.59,16,249.22,2026-10-05
M,Males,junior,Junior (19–23),93+,2025,14,14,242.5,14,144.46,14,256.5,2026-10-05
M,Males,junior,Junior (19–23),93+,2026,21,21,242.02,21,153.21,21,256.79,2026-10-05
M,Males,junior,Junior (19–23),105,2022,1215,1215,220.37,1215,141.05,1215,250.24,2026-10-05
M,Males,junior,Junior (19–23),105,2023,1656,1656,224.98,1656,142.94,1655,253.07,2026-10-05
M,Males,junior,Junior (19–23),105,2024,1895,1895,228.19,1894,143.93,1895,254.41,2026-10-05
M,Males,junior,Junior (19–23),105,2025,2067,2067,233.69,2067,146.85,2067,257.94,2026-10-05
M,Males,junior,Junior (19–23),105,2026,1252,1252,235.7,1252,149.64,1252,259.25,2026-10-05
M,Males,junior,Junior (19–23),105+,2022,2,2,248.75,2,161.25,2,285.0,2026-10-05
M,Males,junior,Junior (19–23),105+,2024,2,2,232.5,2,137.5,2,266.25,2026-10-05
M,Males,junior,Junior (19–23),105+,2025,10,10,219.25,10,147.5,10,265.0,2026-10-05
M,Males,junior,Junior (19–23),105+,2026,5,5,269.0,5,172.0,5,269.0,2026-10-05
M,Males,junior,Junior (19–23),120,2022,460,460,239.89,460,152.63,460,260.16,2026-10-05
M,Males,junior,Junior (19–23),120,2023,588,587,237.64,588,150.67,588,259.95,2026-10-05
M,Males,junior,Junior (19–23),120,2024,840,840,241.48,840,151.91,840,261.24,2026-10-05
M,Males,junior,Junior (19–23),120,2025,958,958,248.47,958,157.51,958,266.52,2026-10-05
M,Males,junior,Junior (19–23),120,2026,538,538,252.93,538,159.24,538,268.11,2026-10-05
M,Males,junior,Junior (19–23),120+,2022,246,246,250.03,246,158.65,246,265.27,2026-10-05
M,Males,junior,Junior (19–23),120+,2023,302,302,248.39,302,156.01,302,259.1,2026-10-05
M,Males,junior,Junior (19–23),120+,2024,346,345,257.01,346,161.14,346,261.0,2026-10-05
M,Males,junior,Junior (19–23),120+,2025,372,372,263.1,372,163.1,372,262.82,2026-10-05
M,Males,junior,Junior (19–23),120+,2026,228,228,261.25,228,161.61,228,259.54,2026-10-05
M,Males,open_age,Open-age (24–39),53,2024,1,1,90.0,1,60.0,1,135.0,2026-10-05
M,Males,open_age,Open-age (24–39),59,2022,169,169,153.18,169,98.19,169,187.01,2026-10-05
M,Males,open_age,Open-age (24–39),59,2023,234,234,157.51,234,102.96,234,193.59,2026-10-05
M,Males,open_age,Open-age (24–39),59,2024,248,248,162.66,248,106.3,248,197.25,2026-10-05
M,Males,open_age,Open-age (24–39),59,2025,271,271,164.26,271,105.62,271,196.17,2026-10-05
M,Males,open_age,Open-age (24–39),59,2026,122,122,166.58,122,109.25,122,202.13,2026-10-05
M,Males,open_age,Open-age (24–39),66,2022,419,419,173.4,419,114.77,419,206.3,2026-10-05
M,Males,open_age,Open-age (24–39),66,2023,518,518,177.72,518,114.73,518,210.54,2026-10-05
M,Males,open_age,Open-age (24–39),66,2024,668,668,179.36,668,115.84,668,212.14,2026-10-05
M,Males,open_age,Open-age (24–39),66,2025,660,660,179.27,660,117.41,660,211.01,2026-10-05
M,Males,open_age,Open-age (24–39),66,2026,396,396,181.6,396,118.08,396,213.74,2026-10-05
M,Males,open_age,Open-age (24–39),74,2022,909,909,188.2,909,123.74,909,221.81,2026-10-05
M,Males,open_age,Open-age (24–39),74,2023,1202,1202,189.88,1201,122.04,1202,222.19,2026-10-05
M,Males,open_age,Open-age (24–39),74,2024,1416,1416,192.7,1416,124.04,1416,223.52,2026-10-05
M,Males,open_age,Open-age (24–39),74,2025,1576,1576,194.15,1576,124.54,1576,224.1,2026-10-05
M,Males,open_age,Open-age (24–39),74,2026,868,868,195.24,868,126.03,868,226.27,2026-10-05
M,Males,open_age,Open-age (24–39),83,2022,1551,1551,199.2,1550,131.12,1551,232.17,2026-10-05
M,Males,open_age,Open-age (24–39),83,2023,1922,1920,202.73,1922,131.48,1921,234.47,2026-10-05
M,Males,open_age,Open-age (24–39),83,2024,2320,2320,206.88,2320,132.81,2319,237.51,2026-10-05
M,Males,open_age,Open-age (24–39),83,2025,2706,2706,209.26,2706,134.22,2706,239.17,2026-10-05
M,Males,open_age,Open-age (24–39),83,2026,1453,1453,211.09,1453,134.87,1453,240.66,2026-10-05
M,Males,open_age,Open-age (24–39),83+,2022,2,2,250.0,2,160.0,2,271.25,2026-10-05
M,Males,open_age,Open-age (24–39),83+,2023,2,2,252.5,2,160.0,2,288.75,2026-10-05
M,Males,open_age,Open-age (24–39),83+,2026,1,1,252.5,1,168.0,1,275.0,2026-10-05
M,Males,open_age,Open-age (24–39),85,2024,1,1,165.0,1,112.5,1,220.0,2026-10-05
M,Males,open_age,Open-age (24–39),85+,2024,3,3,198.33,3,142.5,3,238.33,2026-10-05
M,Males,open_age,Open-age (24–39),90+,2026,7,7,235.36,7,162.5,7,275.71,2026-10-05
M,Males,open_age,Open-age (24–39),93,2022,1890,1890,214.49,1890,141.26,1890,245.82,2026-10-05
M,Males,open_age,Open-age (24–39),93,2023,2237,2237,215.3,2237,140.24,2237,246.87,2026-10-05
M,Males,open_age,Open-age (24–39),93,2024,2815,2814,218.65,2814,141.45,2815,247.83,2026-10-05
M,Males,open_age,Open-age (24–39),93,2025,3208,3208,220.12,3208,142.2,3208,247.78,2026-10-05
M,Males,open_age,Open-age (24–39),93,2026,1866,1866,222.8,1866,143.48,1866,250.86,2026-10-05
M,Males,open_age,Open-age (24–39),93+,2022,10,10,227.0,10,138.75,10,237.5,2026-10-05
M,Males,open_age,Open-age (24–39),93+,2023,8,8,221.88,8,150.0,8,241.56,2026-10-05
M,Males,open_age,Open-age (24–39),93+,2024,10,10,241.25,10,153.75,10,274.25,2026-10-05
M,Males,open_age,Open-age (24–39),93+,2025,19,19,213.95,19,137.24,19,238.82,2026-10-05
M,Males,open_age,Open-age (24–39),93+,2026,12,12,226.46,12,144.58,12,263.21,2026-10-05
M,Males,open_age,Open-age (24–39),105,2022,1441,1441,226.97,1441,149.42,1441,256.7,2026-10-05
M,Males,open_age,Open-age (24–39),105,2023,1854,1853,229.54,1852,149.9,1854,257.41,2026-10-05
M,Males,open_age,Open-age (24–39),105,2024,2293,2293,235.05,2292,151.26,2293,260.26,2026-10-05
M,Males,open_age,Open-age (24–39),105,2025,2692,2692,234.36,2691,151.4,2691,259.62,2026-10-05
M,Males,open_age,Open-age (24–39),105,2026,1511,1511,237.7,1511,151.63,1511,260.59,2026-10-05
M,Males,open_age,Open-age (24–39),105+,2022,2,2,241.25,2,172.5,2,265.0,2026-10-05
M,Males,open_age,Open-age (24–39),105+,2024,4,4,169.38,4,114.38,4,199.38,2026-10-05
M,Males,open_age,Open-age (24–39),105+,2025,2,2,168.75,2,117.5,2,215.0,2026-10-05
M,Males,open_age,Open-age (24–39),120,2022,787,787,244.14,787,159.8,787,266.21,2026-10-05
M,Males,open_age,Open-age (24–39),120,2023,990,990,246.33,989,160.67,989,267.51,2026-10-05
M,Males,open_age,Open-age (24–39),120,2024,1212,1212,250.15,1212,161.33,1212,270.71,2026-10-05
M,Males,open_age,Open-age (24–39),120,2025,1494,1494,250.13,1494,160.86,1494,269.12,2026-10-05
M,Males,open_age,Open-age (24–39),120,2026,877,877,254.67,877,162.97,877,273.91,2026-10-05
M,Males,open_age,Open-age (24–39),120+,2022,394,394,261.78,393,173.07,394,272.55,2026-10-05
M,Males,open_age,Open-age (24–39),120+,2023,500,500,262.44,500,170.9,500,272.67,2026-10-05
M,Males,open_age,Open-age (24–39),120+,2024,643,643,266.85,643,171.45,643,272.86,2026-10-05
M,Males,open_age,Open-age (24–39),120+,2025,724,724,264.86,724,172.3,724,272.21,2026-10-05
M,Males,open_age,Open-age (24–39),120+,2026,382,382,273.5,382,172.04,382,273.48,2026-10-05
M,Males,masters_1,Masters 1 (40–49),59,2022,33,33,131.06,33,89.09,33,159.09,2026-10-05
M,Males,masters_1,Masters 1 (40–49),59,2023,39,39,140.53,39,89.35,39,169.87,2026-10-05
M,Males,masters_1,Masters 1 (40–49),59,2024,43,43,145.67,43,98.58,43,175.35,2026-10-05
M,Males,masters_1,Masters 1 (40–49),59,2025,55,55,146.41,55,99.23,55,174.79,2026-10-05
M,Males,masters_1,Masters 1 (40–49),59,2026,30,30,147.78,30,96.53,30,176.05,2026-10-05
M,Males,masters_1,Masters 1 (40–49),66,2022,106,106,156.72,106,104.48,106,190.72,2026-10-05
M,Males,masters_1,Masters 1 (40–49),66,2023,114,114,158.56,114,107.65,114,192.15,2026-10-05
M,Males,masters_1,Masters 1 (40–49),66,2024,129,129,157.95,129,104.51,129,187.41,2026-10-05
M,Males,masters_1,Masters 1 (40–49),66,2025,132,132,167.79,132,110.27,132,202.44,2026-10-05
M,Males,masters_1,Masters 1 (40–49),66,2026,74,74,168.45,74,112.77,74,201.65,2026-10-05
M,Males,masters_1,Masters 1 (40–49),74,2022,182,182,167.85,182,113.54,182,197.96,2026-10-05
M,Males,masters_1,Masters 1 (40–49),74,2023,205,205,168.75,205,114.54,205,201.24,2026-10-05
M,Males,masters_1,Masters 1 (40–49),74,2024,230,230,170.19,230,113.7,230,198.84,2026-10-05
M,Males,masters_1,Masters 1 (40–49),74,2025,245,245,176.83,245,117.93,245,207.87,2026-10-05
M,Males,masters_1,Masters 1 (40–49),74,2026,199,199,170.79,199,112.42,199,203.84,2026-10-05
M,Males,masters_1,Masters 1 (40–49),83,2022,330,330,179.92,329,122.27,329,210.47,2026-10-05
M,Males,masters_1,Masters 1 (40–49),83,2023,389,389,183.83,389,123.21,389,212.34,2026-10-05
M,Males,masters_1,Masters 1 (40–49),83,2024,369,369,188.78,369,125.87,369,217.55,2026-10-05
M,Males,masters_1,Masters 1 (40–49),83,2025,432,432,187.55,432,123.38,432,218.75,2026-10-05
M,Males,masters_1,Masters 1 (40–49),83,2026,293,293,185.7,293,122.84,293,216.16,2026-10-05
M,Males,masters_1,Masters 1 (40–49),83+,2022,6,6,202.5,6,141.25,6,207.5,2026-10-05
M,Males,masters_1,Masters 1 (40–49),83+,2023,4,4,210.63,4,146.88,4,232.5,2026-10-05
M,Males,masters_1,Masters 1 (40–49),83+,2024,8,8,201.25,8,150.31,8,232.81,2026-10-05
M,Males,masters_1,Masters 1 (40–49),83+,2025,4,4,208.75,4,155.63,4,231.88,2026-10-05
M,Males,masters_1,Masters 1 (40–49),83+,2026,1,1,275.0,1,155.0,1,295.0,2026-10-05
M,Males,masters_1,Masters 1 (40–49),85+,2024,1,1,190.0,1,117.5,1,235.0,2026-10-05
M,Males,masters_1,Masters 1 (40–49),90+,2026,1,1,230.0,1,162.5,1,237.5,2026-10-05
M,Males,masters_1,Masters 1 (40–49),93,2022,333,333,189.99,333,128.53,333,220.71,2026-10-05
M,Males,masters_1,Masters 1 (40–49),93,2023,441,441,193.81,441,130.24,441,222.38,2026-10-05
M,Males,masters_1,Masters 1 (40–49),93,2024,497,497,199.83,497,132.47,497,227.3,2026-10-05
M,Males,masters_1,Masters 1 (40–49),93,2025,616,616,203.53,616,133.35,616,230.95,2026-10-05
M,Males,masters_1,Masters 1 (40–49),93,2026,421,421,202.15,421,133.06,421,227.96,2026-10-05
M,Males,masters_1,Masters 1 (40–49),93+,2023,2,2,233.75,2,170.0,2,252.5,2026-10-05
M,Males,masters_1,Masters 1 (40–49),93+,2024,1,1,270.0,1,185.0,1,312.5,2026-10-05
M,Males,masters_1,Masters 1 (40–49),93+,2025,2,2,210.0,2,122.5,2,230.0,2026-10-05
M,Males,masters_1,Masters 1 (40–49),105,2022,367,367,203.78,367,137.65,367,227.94,2026-10-05
M,Males,masters_1,Masters 1 (40–49),105,2023,408,408,201.24,408,137.48,408,227.48,2026-10-05
M,Males,masters_1,Masters 1 (40–49),105,2024,451,451,210.69,451,140.98,451,238.91,2026-10-05
M,Males,masters_1,Masters 1 (40–49),105,2025,525,525,209.02,525,139.38,525,234.14,2026-10-05
M,Males,masters_1,Masters 1 (40–49),105,2026,331,331,210.32,331,139.8,331,237.53,2026-10-05
M,Males,masters_1,Masters 1 (40–49),105+,2022,1,1,170.0,1,130.0,1,180.0,2026-10-05
M,Males,masters_1,Masters 1 (40–49),105+,2024,1,1,105.0,1,90.0,1,125.0,2026-10-05
M,Males,masters_1,Masters 1 (40–49),105+,2025,1,1,85.0,1,50.0,1,95.0,2026-10-05
M,Males,masters_1,Masters 1 (40–49),120,2022,236,236,219.08,236,149.88,236,244.27,2026-10-05
M,Males,masters_1,Masters 1 (40–49),120,2023,278,278,220.67,278,150.7,278,241.85,2026-10-05
M,Males,masters_1,Masters 1 (40–49),120,2024,313,313,218.81,313,146.53,312,240.0,2026-10-05
M,Males,masters_1,Masters 1 (40–49),120,2025,365,365,219.01,365,147.81,365,241.3,2026-10-05
M,Males,masters_1,Masters 1 (40–49),120,2026,234,234,223.25,234,149.12,234,245.57,2026-10-05
M,Males,masters_1,Masters 1 (40–49),120+,2022,143,143,231.65,143,160.08,143,251.34,2026-10-05
M,Males,masters_1,Masters 1 (40–49),120+,2023,191,191,236.49,191,163.1,191,253.04,2026-10-05
M,Males,masters_1,Masters 1 (40–49),120+,2024,222,222,234.93,222,159.55,222,252.69,2026-10-05
M,Males,masters_1,Masters 1 (40–49),120+,2025,236,236,235.9,236,160.74,236,249.17,2026-10-05
M,Males,masters_1,Masters 1 (40–49),120+,2026,147,147,241.76,147,160.35,147,252.43,2026-10-05
M,Males,masters_2,Masters 2 (50–59),59,2022,34,34,128.9,34,81.1,34,162.06,2026-10-05
M,Males,masters_2,Masters 2 (50–59),59,2023,26,26,127.35,26,93.94,26,155.79,2026-10-05
M,Males,masters_2,Masters 2 (50–59),59,2024,40,40,121.41,40,82.83,40,153.1,2026-10-05
M,Males,masters_2,Masters 2 (50–59),59,2025,42,42,133.58,42,91.42,42,165.19,2026-10-05
M,Males,masters_2,Masters 2 (50–59),59,2026,18,18,126.67,18,90.72,18,156.67,2026-10-05
M,Males,masters_2,Masters 2 (50–59),66,2022,72,72,140.42,72,96.14,72,175.78,2026-10-05
M,Males,masters_2,Masters 2 (50–59),66,2023,92,92,144.32,92,95.9,92,181.4,2026-10-05
M,Males,masters_2,Masters 2 (50–59),66,2024,62,62,142.93,62,93.77,62,177.49,2026-10-05
M,Males,masters_2,Masters 2 (50–59),66,2025,86,86,153.4,86,101.58,86,180.78,2026-10-05
M,Males,masters_2,Masters 2 (50–59),66,2026,76,76,149.18,76,100.74,76,178.79,2026-10-05
M,Males,masters_2,Masters 2 (50–59),74,2022,136,136,151.4,136,104.02,136,185.31,2026-10-05
M,Males,masters_2,Masters 2 (50–59),74,2023,145,145,155.68,145,104.99,145,184.11,2026-10-05
M,Males,masters_2,Masters 2 (50–59),74,2024,162,162,152.48,162,105.19,162,185.32,2026-10-05
M,Males,masters_2,Masters 2 (50–59),74,2025,163,163,155.9,163,106.24,163,188.6,2026-10-05
M,Males,masters_2,Masters 2 (50–59),74,2026,125,125,161.47,125,109.29,125,190.83,2026-10-05
M,Males,masters_2,Masters 2 (50–59),83,2022,229,229,168.02,229,114.99,229,197.93,2026-10-05
M,Males,masters_2,Masters 2 (50–59),83,2023,234,234,171.43,234,114.65,234,205.27,2026-10-05
M,Males,masters_2,Masters 2 (50–59),83,2024,266,266,171.13,266,113.7,266,205.08,2026-10-05
M,Males,masters_2,Masters 2 (50–59),83,2025,294,294,170.76,294,112.45,294,201.57,2026-10-05
M,Males,masters_2,Masters 2 (50–59),83,2026,223,223,167.92,223,111.77,223,199.81,2026-10-05
M,Males,masters_2,Masters 2 (50–59),93,2022,240,240,175.58,240,121.36,240,205.81,2026-10-05
M,Males,masters_2,Masters 2 (50–59),93,2023,293,293,173.56,293,118.86,293,204.02,2026-10-05
M,Males,masters_2,Masters 2 (50–59),93,2024,303,303,179.44,303,119.35,302,207.14,2026-10-05
M,Males,masters_2,Masters 2 (50–59),93,2025,338,338,180.6,338,122.17,338,209.09,2026-10-05
M,Males,masters_2,Masters 2 (50–59),93,2026,214,214,180.35,214,119.24,214,208.97,2026-10-05
M,Males,masters_2,Masters 2 (50–59),93+,2025,1,1,217.5,1,172.5,1,230.0,2026-10-05
M,Males,masters_2,Masters 2 (50–59),105,2022,225,225,186.15,225,130.53,225,216.14,2026-10-05
M,Males,masters_2,Masters 2 (50–59),105,2023,243,243,186.88,242,129.97,243,215.9,2026-10-05
M,Males,masters_2,Masters 2 (50–59),105,2024,234,234,191.59,234,132.17,234,217.77,2026-10-05
M,Males,masters_2,Masters 2 (50–59),105,2025,277,277,192.09,277,131.01,277,217.71,2026-10-05
M,Males,masters_2,Masters 2 (50–59),105,2026,201,201,191.39,201,128.98,201,219.29,2026-10-05
M,Males,masters_2,Masters 2 (50–59),105+,2023,1,1,200.0,1,175.0,1,205.0,2026-10-05
M,Males,masters_2,Masters 2 (50–59),105+,2024,1,1,190.0,1,165.0,1,190.0,2026-10-05
M,Males,masters_2,Masters 2 (50–59),105+,2025,3,3,196.67,3,147.5,3,208.33,2026-10-05
M,Males,masters_2,Masters 2 (50–59),105+,2026,1,1,180.0,1,160.0,1,180.0,2026-10-05
M,Males,masters_2,Masters 2 (50–59),120,2022,149,149,203.44,149,144.2,149,225.19,2026-10-05
M,Males,masters_2,Masters 2 (50–59),120,2023,187,187,200.04,187,142.66,187,224.31,2026-10-05
M,Males,masters_2,Masters 2 (50–59),120,2024,182,182,208.1,182,142.19,182,228.24,2026-10-05
M,Males,masters_2,Masters 2 (50–59),120,2025,182,182,213.55,182,143.02,182,231.18,2026-10-05
M,Males,masters_2,Masters 2 (50–59),120,2026,136,136,202.63,136,141.16,136,226.68,2026-10-05
M,Males,masters_2,Masters 2 (50–59),120+,2022,63,63,211.42,63,147.67,63,232.04,2026-10-05
M,Males,masters_2,Masters 2 (50–59),120+,2023,73,73,208.71,73,148.11,73,230.97,2026-10-05
M,Males,masters_2,Masters 2 (50–59),120+,2024,101,101,215.18,101,153.48,101,240.82,2026-10-05
M,Males,masters_2,Masters 2 (50–59),120+,2025,121,121,214.28,121,149.36,121,234.43,2026-10-05
M,Males,masters_2,Masters 2 (50–59),120+,2026,67,67,222.05,67,156.22,67,241.47,2026-10-05
M,Males,masters_3,Masters 3 (60–69),59,2022,23,23,117.54,23,80.37,23,152.5,2026-10-05
M,Males,masters_3,Masters 3 (60–69),59,2023,20,20,117.56,20,80.77,20,145.04,2026-10-05
M,Males,masters_3,Masters 3 (60–69),59,2024,18,18,109.75,18,73.06,18,139.06,2026-10-05
M,Males,masters_3,Masters 3 (60–69),59,2025,23,23,107.85,23,73.76,23,142.17,2026-10-05
M,Males,masters_3,Masters 3 (60–69),59,2026,17,17,119.03,17,81.32,17,148.88,2026-10-05
M,Males,masters_3,Masters 3 (60–69),66,2022,41,41,118.45,41,77.45,41,150.34,2026-10-05
M,Males,masters_3,Masters 3 (60–69),66,2023,51,51,117.08,51,77.49,51,151.83,2026-10-05
M,Males,masters_3,Masters 3 (60–69),66,2024,58,58,124.94,58,79.02,58,154.41,2026-10-05
M,Males,masters_3,Masters 3 (60–69),66,2025,66,66,125.52,66,82.11,66,157.44,2026-10-05
M,Males,masters_3,Masters 3 (60–69),66,2026,43,43,126.1,43,84.6,43,158.6,2026-10-05
M,Males,masters_3,Masters 3 (60–69),74,2022,92,92,136.04,92,91.01,92,168.57,2026-10-05
M,Males,masters_3,Masters 3 (60–69),74,2023,93,93,143.72,93,93.6,93,169.54,2026-10-05
M,Males,masters_3,Masters 3 (60–69),74,2024,112,112,138.58,112,92.41,112,169.73,2026-10-05
M,Males,masters_3,Masters 3 (60–69),74,2025,121,121,138.65,121,93.48,121,171.35,2026-10-05
M,Males,masters_3,Masters 3 (60–69),74,2026,87,87,136.36,87,92.33,87,166.2,2026-10-05
M,Males,masters_3,Masters 3 (60–69),83,2022,111,111,135.87,111,95.06,111,169.56,2026-10-05
M,Males,masters_3,Masters 3 (60–69),83,2023,128,128,146.79,127,101.26,128,180.7,2026-10-05
M,Males,masters_3,Masters 3 (60–69),83,2024,160,160,148.32,160,102.79,160,179.16,2026-10-05
M,Males,masters_3,Masters 3 (60–69),83,2025,211,211,151.58,211,102.67,211,180.96,2026-10-05
M,Males,masters_3,Masters 3 (60–69),83,2026,136,136,153.69,136,104.17,136,186.74,2026-10-05
M,Males,masters_3,Masters 3 (60–69),93,2022,104,104,166.77,104,113.18,104,197.78,2026-10-05
M,Males,masters_3,Masters 3 (60–69),93,2023,140,140,159.59,140,107.61,140,189.84,2026-10-05
M,Males,masters_3,Masters 3 (60–69),93,2024,162,162,156.68,162,108.62,162,189.99,2026-10-05
M,Males,masters_3,Masters 3 (60–69),93,2025,187,187,154.39,187,108.14,187,185.25,2026-10-05
M,Males,masters_3,Masters 3 (60–69),93,2026,136,136,162.12,136,115.19,136,191.97,2026-10-05
M,Males,masters_3,Masters 3 (60–69),105,2022,104,104,163.19,104,116.65,104,196.05,2026-10-05
M,Males,masters_3,Masters 3 (60–69),105,2023,126,126,163.84,126,117.71,126,197.24,2026-10-05
M,Males,masters_3,Masters 3 (60–69),105,2024,141,141,171.02,141,115.8,141,198.05,2026-10-05
M,Males,masters_3,Masters 3 (60–69),105,2025,172,172,169.56,172,116.32,172,202.15,2026-10-05
M,Males,masters_3,Masters 3 (60–69),105,2026,106,106,165.86,106,111.67,106,198.36,2026-10-05
M,Males,masters_3,Masters 3 (60–69),120,2022,45,45,175.64,45,123.61,45,200.3,2026-10-05
M,Males,masters_3,Masters 3 (60–69),120,2023,40,40,167.08,40,124.33,40,194.89,2026-10-05
M,Males,masters_3,Masters 3 (60–69),120,2024,69,68,174.49,69,130.93,69,207.54,2026-10-05
M,Males,masters_3,Masters 3 (60–69),120,2025,83,83,177.36,83,125.83,83,203.32,2026-10-05
M,Males,masters_3,Masters 3 (60–69),120,2026,49,49,168.81,49,120.78,49,199.0,2026-10-05
M,Males,masters_3,Masters 3 (60–69),120+,2022,28,28,187.7,28,129.84,28,221.0,2026-10-05
M,Males,masters_3,Masters 3 (60–69),120+,2023,29,29,179.78,29,122.26,29,210.45,2026-10-05
M,Males,masters_3,Masters 3 (60–69),120+,2024,30,30,201.08,30,119.1,30,222.28,2026-10-05
M,Males,masters_3,Masters 3 (60–69),120+,2025,28,28,187.91,28,119.77,28,214.29,2026-10-05
M,Males,masters_3,Masters 3 (60–69),120+,2026,19,19,192.37,19,122.89,19,209.11,2026-10-05
M,Males,masters_4,Masters 4 (70+),59,2022,17,17,87.35,17,66.79,17,118.09,2026-10-05
M,Males,masters_4,Masters 4 (70+),59,2023,30,30,91.42,30,66.92,30,127.83,2026-10-05
M,Males,masters_4,Masters 4 (70+),59,2024,19,19,108.74,19,71.63,19,139.32,2026-10-05
M,Males,masters_4,Masters 4 (70+),59,2025,13,13,106.92,13,66.54,13,131.54,2026-10-05
M,Males,masters_4,Masters 4 (70+),59,2026,11,11,87.95,11,62.27,11,118.64,2026-10-05
M,Males,masters_4,Masters 4 (70+),66,2022,23,23,106.57,23,70.48,23,140.93,2026-10-05
M,Males,masters_4,Masters 4 (70+),66,2023,20,20,98.38,19,66.87,20,133.53,2026-10-05
M,Males,masters_4,Masters 4 (70+),66,2024,21,21,106.19,21,73.21,21,148.55,2026-10-05
M,Males,masters_4,Masters 4 (70+),66,2025,30,30,96.67,30,69.92,30,143.1,2026-10-05
M,Males,masters_4,Masters 4 (70+),66,2026,17,17,105.0,17,73.53,17,141.24,2026-10-05
M,Males,masters_4,Masters 4 (70+),74,2022,55,55,108.18,55,78.9,55,145.1,2026-10-05
M,Males,masters_4,Masters 4 (70+),74,2023,47,47,109.63,47,79.45,47,145.14,2026-10-05
M,Males,masters_4,Masters 4 (70+),74,2024,65,65,116.39,65,80.35,65,147.92,2026-10-05
M,Males,masters_4,Masters 4 (70+),74,2025,68,68,110.13,68,76.92,68,146.63,2026-10-05
M,Males,masters_4,Masters 4 (70+),74,2026,43,43,105.29,43,75.26,43,141.43,2026-10-05
M,Males,masters_4,Masters 4 (70+),83,2022,30,30,122.87,30,81.75,30,156.93,2026-10-05
M,Males,masters_4,Masters 4 (70+),83,2023,53,53,119.98,53,85.01,53,154.31,2026-10-05
M,Males,masters_4,Masters 4 (70+),83,2024,50,50,112.76,50,81.04,50,144.66,2026-10-05
M,Males,masters_4,Masters 4 (70+),83,2025,80,80,123.01,80,86.21,80,159.83,2026-10-05
M,Males,masters_4,Masters 4 (70+),83,2026,47,47,124.35,47,87.24,47,158.79,2026-10-05
M,Males,masters_4,Masters 4 (70+),93,2022,40,40,122.79,40,91.54,40,162.19,2026-10-05
M,Males,masters_4,Masters 4 (70+),93,2023,44,44,131.63,44,90.43,44,164.1,2026-10-05
M,Males,masters_4,Masters 4 (70+),93,2024,43,43,124.27,43,85.48,43,149.84,2026-10-05
M,Males,masters_4,Masters 4 (70+),93,2025,74,74,133.27,74,90.54,74,161.78,2026-10-05
M,Males,masters_4,Masters 4 (70+),93,2026,34,34,134.04,34,94.18,34,165.97,2026-10-05
M,Males,masters_4,Masters 4 (70+),105,2022,30,30,131.0,30,100.25,30,168.42,2026-10-05
M,Males,masters_4,Masters 4 (70+),105,2023,31,31,122.02,31,98.08,31,159.37,2026-10-05
M,Males,masters_4,Masters 4 (70+),105,2024,31,30,129.42,31,93.79,31,170.5,2026-10-05
M,Males,masters_4,Masters 4 (70+),105,2025,35,35,135.67,35,92.76,35,171.16,2026-10-05
M,Males,masters_4,Masters 4 (70+),105,2026,26,26,119.9,26,93.79,26,166.81,2026-10-05
M,Males,masters_4,Masters 4 (70+),120,2022,6,6,152.92,6,97.5,6,184.33,2026-10-05
M,Males,masters_4,Masters 4 (70+),120,2023,8,8,141.25,8,94.06,8,173.75,2026-10-05
M,Males,masters_4,Masters 4 (70+),120,2024,11,11,132.5,11,92.05,11,182.5,2026-10-05
M,Males,masters_4,Masters 4 (70+),120,2025,13,13,139.65,13,105.0,13,165.85,2026-10-05
M,Males,masters_4,Masters 4 (70+),120,2026,6,6,134.17,6,107.5,6,171.33,2026-10-05
M,Males,masters_4,Masters 4 (70+),120+,2022,2,2,160.0,2,87.5,2,198.75,2026-10-05
M,Males,masters_4,Masters 4 (70+),120+,2023,3,3,169.33,3,79.17,3,181.0,2026-10-05
M,Males,masters_4,Masters 4 (70+),120+,2024,5,5,133.5,5,80.0,5,167.0,2026-10-05
M,Males,masters_4,Masters 4 (70+),120+,2025,3,3,176.83,3,74.17,3,192.5,2026-10-05
M,Males,masters_4,Masters 4 (70+),120+,2026,2,2,147.5,2,122.5,2,132.5,2026-10-05
F,Females,sub_junior,Sub-Junior (up to 18),30,2022,3,3,21.17,3,13.67,3,33.5,2026-10-05
F,Females,sub_junior,Sub-Junior (up to 18),30,2024,2,2,31.0,2,17.0,2,49.0,2026-10-05
F,Females,sub_junior,Sub-Junior (up to 18),30,2025,1,1,28.5,1,17.5,1,42.5,2026-10-05
F,Females,sub_junior,Sub-Junior (up to 18),31,2024,3,3,60.0,3,28.5,3,68.33,2026-10-05
F,Females,sub_junior,Sub-Junior (up to 18),31,2025,4,4,26.88,4,12.5,4,36.25,2026-10-05
F,Females,sub_junior,Sub-Junior (up to 18),31,2026,2,2,40.0,2,21.25,2,56.25,2026-10-05
F,Females,sub_junior,Sub-Junior (up to 18),35,2022,3,3,40.83,3,21.67,3,62.0,2026-10-05
F,Females,sub_junior,Sub-Junior (up to 18),35,2023,3,3,26.67,3,17.0,3,47.5,2026-10-05
F,Females,sub_junior,Sub-Junior (up to 18),35,2024,4,4,43.75,4,23.75,4,60.5,2026-10-05
F,Females,sub_junior,Sub-Junior (up to 18),35,2025,2,2,29.0,2,17.0,2,44.25,2026-10-05
F,Females,sub_junior,Sub-Junior (up to 18),35,2026,4,4,41.88,4,18.75,4,56.88,2026-10-05
F,Females,sub_junior,Sub-Junior (up to 18),37,2023,2,2,43.75,2,22.5,2,58.75,2026-10-05
F,Females,sub_junior,Sub-Junior (up to 18),39,2022,1,1,60.0,1,30.0,1,85.0,2026-10-05
F,Females,sub_junior,Sub-Junior (up to 18),39,2023,1,1,60.0,1,35.0,1,90.0,2026-10-05
F,Females,sub_junior,Sub-Junior (up to 18),39,2024,1,1,67.5,1,32.5,1,75.0,2026-10-05
F,Females,sub_junior,Sub-Junior (up to 18),39,2026,1,1,60.0,1,27.5,1,60.0,2026-10-05
F,Females,sub_junior,Sub-Junior (up to 18),40,2022,1,1,55.0,1,27.0,1,57.5,2026-10-05
F,Females,sub_junior,Sub-Junior (up to 18),40,2023,1,1,45.0,1,30.5,1,75.0,2026-10-05
F,Females,sub_junior,Sub-Junior (up to 18),40,2024,6,6,39.17,6,24.25,6,52.92,2026-10-05
F,Females,sub_junior,Sub-Junior (up to 18),40,2025,5,5,36.0,5,21.2,5,53.0,2026-10-05
F,Females,sub_junior,Sub-Junior (up to 18),40,2026,2,2,32.0,2,19.5,2,53.25,2026-10-05
F,Females,sub_junior,Sub-Junior (up to 18),43,2022,39,39,66.26,39,34.26,39,89.62,2026-10-05
F,Females,sub_junior,Sub-Junior (up to 18),43,2023,43,43,66.29,43,34.57,43,85.0,2026-10-05
F,Females,sub_junior,Sub-Junior (up to 18),43,2024,73,73,72.23,73,38.28,73,90.02,2026-10-05
F,Females,sub_junior,Sub-Junior (up to 18),43,2025,50,50,75.34,50,42.66,50,97.49,2026-10-05
F,Females,sub_junior,Sub-Junior (up to 18),43,2026,39,39,64.1,39,36.56,39,82.69,2026-10-05
F,Females,sub_junior,Sub-Junior (up to 18),47,2022,67,67,73.98,67,40.54,67,94.9,2026-10-05
F,Females,sub_junior,Sub-Junior (up to 18),47,2023,149,149,76.78,149,39.7,149,94.44,2026-10-05
F,Females,sub_junior,Sub-Junior (up to 18),47,2024,143,143,78.46,143,41.06,143,97.24,2026-10-05
F,Females,sub_junior,Sub-Junior (up to 18),47,2025,129,129,77.15,129,41.14,129,98.18,2026-10-05
F,Females,sub_junior,Sub-Junior (up to 18),47,2026,65,65,77.28,65,42.08,65,95.38,2026-10-05
F,Females,sub_junior,Sub-Junior (up to 18),52,2022,158,158,83.14,158,45.44,158,103.65,2026-10-05
F,Females,sub_junior,Sub-Junior (up to 18),52,2023,274,274,87.52,274,46.61,274,108.16,2026-10-05
F,Females,sub_junior,Sub-Junior (up to 18),52,2024,323,323,93.19,323,51.52,323,114.6,2026-10-05
F,Females,sub_junior,Sub-Junior (up to 18),52,2025,252,252,94.2,252,51.6,252,115.95,2026-10-05
F,Females,sub_junior,Sub-Junior (up to 18),52,2026,130,130,85.9,130,47.69,130,106.78,2026-10-05
F,Females,sub_junior,Sub-Junior (up to 18),57,2022,211,211,94.8,211,52.24,211,113.68,2026-10-05
F,Females,sub_junior,Sub-Junior (up to 18),57,2023,415,415,94.92,415,52.34,415,114.13,2026-10-05
F,Females,sub_junior,Sub-Junior (up to 18),57,2024,465,465,99.83,465,54.68,465,118.39,2026-10-05
F,Females,sub_junior,Sub-Junior (up to 18),57,2025,387,387,104.15,387,57.21,387,123.88,2026-10-05
F,Females,sub_junior,Sub-Junior (up to 18),57,2026,200,200,102.85,200,56.53,200,120.79,2026-10-05
F,Females,sub_junior,Sub-Junior (up to 18),57+,2022,11,11,116.59,11,65.23,11,136.59,2026-10-05
F,Females,sub_junior,Sub-Junior (up to 18),57+,2023,9,9,104.17,9,60.28,9,123.06,2026-10-05
F,Females,sub_junior,Sub-Junior (up to 18),57+,2024,1,1,102.5,1,37.5,1,92.5,2026-10-05
F,Females,sub_junior,Sub-Junior (up to 18),57+,2025,1,1,122.5,1,42.5,1,112.5,2026-10-05
F,Females,sub_junior,Sub-Junior (up to 18),57+,2026,1,1,130.0,1,55.0,1,127.5,2026-10-05
F,Females,sub_junior,Sub-Junior (up to 18),63,2022,294,294,100.69,294,56.08,294,120.61,2026-10-05
F,Females,sub_junior,Sub-Junior (up to 18),63,2023,487,487,103.35,487,55.88,487,122.68,2026-10-05
F,Females,sub_junior,Sub-Junior (up to 18),63,2024,542,542,109.65,542,59.44,542,128.32,2026-10-05
F,Females,sub_junior,Sub-Junior (up to 18),63,2025,484,484,110.78,484,61.07,484,129.34,2026-10-05
F,Females,sub_junior,Sub-Junior (up to 18),63,2026,230,230,112.06,230,60.95,230,130.08,2026-10-05
F,Females,sub_junior,Sub-Junior (up to 18),63+,2022,2,2,100.0,2,80.0,2,140.0,2026-10-05
F,Females,sub_junior,Sub-Junior (up to 18),63+,2023,7,7,71.07,7,52.5,7,91.43,2026-10-05
F,Females,sub_junior,Sub-Junior (up to 18),63+,2024,1,1,105.0,1,60.0,1,142.5,2026-10-05
F,Females,sub_junior,Sub-Junior (up to 18),63+,2025,1,1,95.0,1,52.5,1,140.0,2026-10-05
F,Females,sub_junior,Sub-Junior (up to 18),63+,2026,1,1,125.0,1,82.5,1,120.0,2026-10-05
F,Females,sub_junior,Sub-Junior (up to 18),69,2022,258,258,106.63,258,58.16,258,125.88,2026-10-05
F,Females,sub_junior,Sub-Junior (up to 18),69,2023,455,455,108.68,455,58.33,455,126.19,2026-10-05
F,Females,sub_junior,Sub-Junior (up to 18),69,2024,577,577,116.79,577,63.99,577,134.49,2026-10-05
F,Females,sub_junior,Sub-Junior (up to 18),69,2025,424,424,119.49,424,66.53,424,137.17,2026-10-05
F,Females,sub_junior,Sub-Junior (up to 18),69,2026,213,213,113.07,213,62.44,213,128.12,2026-10-05
F,Females,sub_junior,Sub-Junior (up to 18),69+,2023,1,1,92.5,1,60.0,1,120.0,2026-10-05
F,Females,sub_junior,Sub-Junior (up to 18),69+,2024,3,3,118.33,3,58.33,3,140.0,2026-10-05
F,Females,sub_junior,Sub-Junior (up to 18),69+,2025,1,1,95.0,1,45.0,1,110.0,2026-10-05
F,Females,sub_junior,Sub-Junior (up to 18),69+,2026,3,3,121.67,3,75.0,3,149.33,2026-10-05
F,Females,sub_junior,Sub-Junior (up to 18),76,2022,216,216,114.93,216,60.84,216,133.87,2026-10-05
F,Females,sub_junior,Sub-Junior (up to 18),76,2023,339,339,118.0,339,61.8,339,137.15,2026-10-05
F,Females,sub_junior,Sub-Junior (up to 18),76,2024,385,385,120.46,385,64.8,385,138.72,2026-10-05
F,Females,sub_junior,Sub-Junior (up to 18),76,2025,315,315,122.02,315,65.17,315,139.34,2026-10-05
F,Females,sub_junior,Sub-Junior (up to 18),76,2026,165,165,119.64,165,63.82,165,137.03,2026-10-05
F,Females,sub_junior,Sub-Junior (up to 18),76+,2024,3,3,130.83,3,67.5,3,141.67,2026-10-05
F,Females,sub_junior,Sub-Junior (up to 18),76+,2025,1,1,75.0,1,60.0,1,120.0,2026-10-05
F,Females,sub_junior,Sub-Junior (up to 18),76+,2026,2,2,112.5,2,57.5,2,125.0,2026-10-05
F,Females,sub_junior,Sub-Junior (up to 18),84,2022,113,113,118.54,113,60.31,113,136.75,2026-10-05
F,Females,sub_junior,Sub-Junior (up to 18),84,2023,177,177,119.26,177,60.54,177,138.63,2026-10-05
F,Females,sub_junior,Sub-Junior (up to 18),84,2024,212,212,125.34,212,65.25,212,143.16,2026-10-05
F,Females,sub_junior,Sub-Junior (up to 18),84,2025,205,205,120.34,205,63.61,205,138.19,2026-10-05
F,Females,sub_junior,Sub-Junior (up to 18),84,2026,95,95,123.28,95,66.79,95,139.34,2026-10-05
F,Females,sub_junior,Sub-Junior (up to 18),84+,2022,95,95,123.41,95,63.22,95,135.99,2026-10-05
F,Females,sub_junior,Sub-Junior (up to 18),84+,2023,187,187,129.99,187,64.65,187,142.57,2026-10-05
F,Females,sub_junior,Sub-Junior (up to 18),84+,2024,247,245,130.77,247,65.76,247,142.57,2026-10-05
F,Females,sub_junior,Sub-Junior (up to 18),84+,2025,230,230,130.15,230,66.52,230,139.54,2026-10-05
F,Females,sub_junior,Sub-Junior (up to 18),84+,2026,121,121,138.02,121,69.34,121,144.89,2026-10-05
F,Females,junior,Junior (19–23),43,2022,29,29,81.38,29,47.34,29,108.97,2026-10-05
F,Females,junior,Junior (19–23),43,2023,35,35,79.63,35,44.46,35,104.59,2026-10-05
F,Females,junior,Junior (19–23),43,2024,34,34,87.84,34,49.47,34,109.44,2026-10-05
F,Females,junior,Junior (19–23),43,2025,44,44,86.13,44,46.6,44,107.28,2026-10-05
F,Females,junior,Junior (19–23),43,2026,25,25,90.6,25,48.88,25,108.7,2026-10-05
F,Females,junior,Junior (19–23),47,2022,114,114,93.43,114,53.77,114,117.91,2026-10-05
F,Females,junior,Junior (19–23),47,2023,177,177,91.46,177,50.91,177,117.66,2026-10-05
F,Females,junior,Junior (19–23),47,2024,180,180,98.18,180,53.55,180,123.46,2026-10-05
F,Females,junior,Junior (19–23),47,2025,178,178,101.96,178,56.96,178,126.25,2026-10-05
F,Females,junior,Junior (19–23),47,2026,105,105,104.53,105,57.3,105,128.42,2026-10-05
F,Females,junior,Junior (19–23),52,2022,296,296,101.58,296,58.73,296,126.08,2026-10-05
F,Females,junior,Junior (19–23),52,2023,385,385,101.89,385,56.6,385,126.34,2026-10-05
F,Females,junior,Junior (19–23),52,2024,464,464,106.0,464,58.48,464,128.21,2026-10-05
F,Females,junior,Junior (19–23),52,2025,459,459,109.64,459,60.65,459,130.42,2026-10-05
F,Females,junior,Junior (19–23),52,2026,239,239,113.48,239,63.2,239,134.65,2026-10-05
F,Females,junior,Junior (19–23),57,2022,556,556,110.29,556,62.09,556,133.95,2026-10-05
F,Females,junior,Junior (19–23),57,2023,732,732,113.15,732,61.67,732,136.97,2026-10-05
F,Females,junior,Junior (19–23),57,2024,873,873,114.49,873,62.6,873,136.5,2026-10-05
F,Females,junior,Junior (19–23),57,2025,920,920,118.47,920,65.63,920,139.99,2026-10-05
F,Females,junior,Junior (19–23),57,2026,513,513,120.7,513,68.02,513,141.65,2026-10-05
F,Females,junior,Junior (19–23),57+,2022,15,15,134.5,15,75.27,15,152.87,2026-10-05
F,Females,junior,Junior (19–23),57+,2023,12,12,132.29,12,71.25,12,153.33,2026-10-05
F,Females,junior,Junior (19–23),63,2022,814,814,116.49,814,64.66,814,139.03,2026-10-05
F,Females,junior,Junior (19–23),63,2023,1062,1062,118.7,1062,64.56,1062,141.06,2026-10-05
F,Females,junior,Junior (19–23),63,2024,1257,1257,122.56,1257,66.66,1257,144.22,2026-10-05
F,Females,junior,Junior (19–23),63,2025,1294,1294,124.28,1294,68.45,1294,146.25,2026-10-05
F,Females,junior,Junior (19–23),63,2026,756,756,126.99,756,70.66,756,148.62,2026-10-05
F,Females,junior,Junior (19–23),63+,2022,1,1,115.0,1,62.5,1,130.0,2026-10-05
F,Females,junior,Junior (19–23),63+,2025,2,2,112.5,2,57.5,2,135.0,2026-10-05
F,Females,junior,Junior (19–23),63+,2026,5,5,107.0,5,62.0,5,126.0,2026-10-05
F,Females,junior,Junior (19–23),69,2022,731,731,124.88,731,69.62,731,147.88,2026-10-05
F,Females,junior,Junior (19–23),69,2023,1024,1024,124.13,1024,67.49,1024,146.23,2026-10-05
F,Females,junior,Junior (19–23),69,2024,1313,1313,128.34,1313,70.08,1313,149.38,2026-10-05
F,Females,junior,Junior (19–23),69,2025,1322,1322,131.56,1322,72.52,1322,151.49,2026-10-05
F,Females,junior,Junior (19–23),69,2026,736,736,133.84,736,74.08,736,152.83,2026-10-05
F,Females,junior,Junior (19–23),69+,2022,7,7,122.14,7,66.43,7,143.93,2026-10-05
F,Females,junior,Junior (19–23),69+,2023,8,8,107.19,8,53.75,8,130.94,2026-10-05
F,Females,junior,Junior (19–23),69+,2024,5,5,100.5,5,48.5,5,122.0,2026-10-05
F,Females,junior,Junior (19–23),69+,2025,2,2,125.0,2,75.0,2,142.5,2026-10-05
F,Females,junior,Junior (19–23),69+,2026,7,7,153.64,7,79.64,7,166.43,2026-10-05
F,Females,junior,Junior (19–23),76,2022,559,559,127.39,559,70.24,559,149.82,2026-10-05
F,Females,junior,Junior (19–23),76,2023,826,826,129.82,826,70.08,826,151.55,2026-10-05
F,Females,junior,Junior (19–23),76,2024,933,933,135.16,933,73.27,933,155.81,2026-10-05
F,Females,junior,Junior (19–23),76,2025,966,966,138.65,966,75.89,966,157.46,2026-10-05
F,Females,junior,Junior (19–23),76,2026,512,512,142.5,512,80.59,512,162.03,2026-10-05
F,Females,junior,Junior (19–23),76+,2024,10,10,124.75,10,68.25,10,130.75,2026-10-05
F,Females,junior,Junior (19–23),76+,2025,8,8,148.19,8,81.63,8,169.88,2026-10-05
F,Females,junior,Junior (19–23),76+,2026,7,7,168.93,7,91.43,7,177.86,2026-10-05
F,Females,junior,Junior (19–23),84,2022,277,277,133.5,277,72.79,277,155.53,2026-10-05
F,Females,junior,Junior (19–23),84,2023,432,432,134.13,432,70.67,432,154.03,2026-10-05
F,Females,junior,Junior (19–23),84,2024,527,527,138.42,527,74.05,527,157.49,2026-10-05
F,Females,junior,Junior (19–23),84,2025,527,527,142.7,527,77.1,527,160.16,2026-10-05
F,Females,junior,Junior (19–23),84,2026,290,290,148.56,290,80.87,290,164.1,2026-10-05
F,Females,junior,Junior (19–23),84+,2022,195,195,146.07,195,73.66,195,155.22,2026-10-05
F,Females,junior,Junior (19–23),84+,2023,302,302,141.26,302,71.21,302,152.78,2026-10-05
F,Females,junior,Junior (19–23),84+,2024,374,374,149.15,374,77.34,374,159.49,2026-10-05
F,Females,junior,Junior (19–23),84+,2025,402,402,151.57,402,78.5,402,161.06,2026-10-05
F,Females,junior,Junior (19–23),84+,2026,230,230,151.92,230,80.71,230,161.65,2026-10-05
F,Females,open_age,Open-age (24–39),47,2022,135,135,99.51,135,56.99,135,123.2,2026-10-05
F,Females,open_age,Open-age (24–39),47,2023,163,163,102.93,163,58.15,163,128.4,2026-10-05
F,Females,open_age,Open-age (24–39),47,2024,192,192,104.15,192,58.39,192,128.07,2026-10-05
F,Females,open_age,Open-age (24–39),47,2025,210,210,103.19,210,59.25,210,129.11,2026-10-05
F,Females,open_age,Open-age (24–39),47,2026,115,115,109.8,115,63.56,115,136.29,2026-10-05
F,Females,open_age,Open-age (24–39),52,2022,349,349,111.04,349,63.19,349,135.72,2026-10-05
F,Females,open_age,Open-age (24–39),52,2023,380,380,112.84,380,63.03,380,136.32,2026-10-05
F,Females,open_age,Open-age (24–39),52,2024,442,442,114.54,442,63.63,442,138.1,2026-10-05
F,Females,open_age,Open-age (24–39),52,2025,486,486,116.62,486,65.23,486,139.95,2026-10-05
F,Females,open_age,Open-age (24–39),52,2026,293,293,117.37,293,66.43,293,141.05,2026-10-05
F,Females,open_age,Open-age (24–39),57,2022,615,615,114.0,615,64.12,615,139.07,2026-10-05
F,Females,open_age,Open-age (24–39),57,2023,653,653,116.97,653,65.31,653,143.08,2026-10-05
F,Females,open_age,Open-age (24–39),57,2024,771,771,119.52,771,65.8,771,143.82,2026-10-05
F,Females,open_age,Open-age (24–39),57,2025,955,955,121.58,955,67.71,955,144.83,2026-10-05
F,Females,open_age,Open-age (24–39),57,2026,536,536,123.98,535,69.4,535,148.27,2026-10-05
F,Females,open_age,Open-age (24–39),63,2022,734,734,120.46,734,68.11,734,145.04,2026-10-05
F,Females,open_age,Open-age (24–39),63,2023,944,944,123.11,944,68.67,944,147.75,2026-10-05
F,Females,open_age,Open-age (24–39),63,2024,1043,1043,124.28,1043,68.68,1043,148.32,2026-10-05
F,Females,open_age,Open-age (24–39),63,2025,1257,1257,127.02,1257,70.5,1257,149.8,2026-10-05
F,Females,open_age,Open-age (24–39),63,2026,792,792,129.69,792,72.23,792,151.63,2026-10-05
F,Females,open_age,Open-age (24–39),63+,2022,2,2,112.5,2,61.25,2,137.5,2026-10-05
F,Females,open_age,Open-age (24–39),63+,2023,2,2,158.75,2,77.5,2,158.75,2026-10-05
F,Females,open_age,Open-age (24–39),63+,2026,1,1,150.0,1,87.5,1,155.0,2026-10-05
F,Females,open_age,Open-age (24–39),69,2022,844,844,127.09,844,71.69,844,150.94,2026-10-05
F,Females,open_age,Open-age (24–39),69,2023,1042,1042,128.65,1042,71.25,1042,152.11,2026-10-05
F,Females,open_age,Open-age (24–39),69,2024,1189,1189,130.86,1189,72.34,1189,153.86,2026-10-05
F,Females,open_age,Open-age (24–39),69,2025,1500,1500,133.38,1500,73.36,1500,156.0,2026-10-05
F,Females,open_age,Open-age (24–39),69,2026,817,817,134.68,817,75.1,817,156.85,2026-10-05
F,Females,open_age,Open-age (24–39),69+,2023,5,5,113.5,5,65.7,5,147.0,2026-10-05
F,Females,open_age,Open-age (24–39),69+,2024,5,5,116.0,5,70.0,5,143.5,2026-10-05
F,Females,open_age,Open-age (24–39),69+,2025,10,10,117.0,10,68.75,10,150.0,2026-10-05
F,Females,open_age,Open-age (24–39),69+,2026,6,6,119.58,6,65.5,6,135.83,2026-10-05
F,Females,open_age,Open-age (24–39),72,2022,2,2,111.25,2,62.5,2,135.0,2026-10-05
F,Females,open_age,Open-age (24–39),75,2025,1,1,120.0,1,55.0,1,142.5,2026-10-05
F,Females,open_age,Open-age (24–39),76,2022,665,665,134.3,665,74.2,665,158.12,2026-10-05
F,Females,open_age,Open-age (24–39),76,2023,826,826,135.67,826,74.42,826,159.54,2026-10-05
F,Females,open_age,Open-age (24–39),76,2024,1048,1048,137.86,1048,75.3,1047,158.89,2026-10-05
F,Females,open_age,Open-age (24–39),76,2025,1238,1238,139.44,1238,76.5,1238,160.65,2026-10-05
F,Females,open_age,Open-age (24–39),76,2026,751,751,142.71,751,78.12,750,163.37,2026-10-05
F,Females,open_age,Open-age (24–39),76+,2022,3,3,135.83,3,72.5,3,155.83,2026-10-05
F,Females,open_age,Open-age (24–39),76+,2023,1,1,135.0,1,72.5,1,150.0,2026-10-05
F,Females,open_age,Open-age (24–39),76+,2024,2,2,126.25,2,62.5,2,136.25,2026-10-05
F,Females,open_age,Open-age (24–39),76+,2025,6,6,134.25,6,67.5,6,146.67,2026-10-05
F,Females,open_age,Open-age (24–39),76+,2026,2,2,143.75,2,75.0,2,158.75,2026-10-05
F,Females,open_age,Open-age (24–39),84,2022,441,441,139.78,441,77.0,441,161.24,2026-10-05
F,Females,open_age,Open-age (24–39),84,2023,542,542,141.7,542,76.49,542,163.9,2026-10-05
F,Females,open_age,Open-age (24–39),84,2024,711,711,143.41,711,77.22,711,163.36,2026-10-05
F,Females,open_age,Open-age (24–39),84,2025,867,867,145.01,867,79.23,867,165.3,2026-10-05
F,Females,open_age,Open-age (24–39),84,2026,552,552,148.07,552,81.97,552,168.5,2026-10-05
F,Females,open_age,Open-age (24–39),84+,2022,507,507,148.41,507,80.87,507,164.38,2026-10-05
F,Females,open_age,Open-age (24–39),84+,2023,632,632,149.81,632,80.65,632,164.7,2026-10-05
F,Females,open_age,Open-age (24–39),84+,2024,721,721,150.84,721,80.2,721,163.89,2026-10-05
F,Females,open_age,Open-age (24–39),84+,2025,894,894,151.74,894,81.34,894,164.89,2026-10-05
F,Females,open_age,Open-age (24–39),84+,2026,532,532,154.47,532,83.61,532,166.99,2026-10-05
F,Females,masters_1,Masters 1 (40–49),47,2022,37,37,92.54,37,56.91,37,117.66,2026-10-05
F,Females,masters_1,Masters 1 (40–49),47,2023,46,46,85.92,46,48.4,46,110.87,2026-10-05
F,Females,masters_1,Masters 1 (40–49),47,2024,63,63,90.96,63,51.76,63,116.26,2026-10-05
F,Females,masters_1,Masters 1 (40–49),47,2025,74,74,91.93,74,52.35,74,117.62,2026-10-05
F,Females,masters_1,Masters 1 (40–49),47,2026,38,38,91.57,38,50.45,38,117.05,2026-10-05
F,Females,masters_1,Masters 1 (40–49),52,2022,86,86,94.97,86,53.81,86,121.18,2026-10-05
F,Females,masters_1,Masters 1 (40–49),52,2023,94,94,101.07,94,55.42,94,127.06,2026-10-05
F,Females,masters_1,Masters 1 (40–49),52,2024,129,129,99.97,129,54.6,129,127.32,2026-10-05
F,Females,masters_1,Masters 1 (40–49),52,2025,146,146,98.75,146,55.21,146,128.08,2026-10-05
F,Females,masters_1,Masters 1 (40–49),52,2026,100,100,97.36,100,55.22,100,125.87,2026-10-05
F,Females,masters_1,Masters 1 (40–49),57,2022,194,194,101.08,194,59.15,194,128.02,2026-10-05
F,Females,masters_1,Masters 1 (40–49),57,2023,182,182,106.34,182,61.9,182,134.09,2026-10-05
F,Females,masters_1,Masters 1 (40–49),57,2024,203,203,106.73,203,59.94,203,132.74,2026-10-05
F,Females,masters_1,Masters 1 (40–49),57,2025,229,229,106.45,229,59.76,229,132.35,2026-10-05
F,Females,masters_1,Masters 1 (40–49),57,2026,155,155,109.16,155,61.39,155,134.86,2026-10-05
F,Females,masters_1,Masters 1 (40–49),63,2022,210,210,106.97,210,61.45,210,131.86,2026-10-05
F,Females,masters_1,Masters 1 (40–49),63,2023,303,303,107.61,303,62.26,303,133.93,2026-10-05
F,Females,masters_1,Masters 1 (40–49),63,2024,315,315,112.32,315,63.56,315,138.06,2026-10-05
F,Females,masters_1,Masters 1 (40–49),63,2025,397,396,108.55,397,61.03,397,133.52,2026-10-05
F,Females,masters_1,Masters 1 (40–49),63,2026,248,248,111.54,248,64.18,248,136.68,2026-10-05
F,Females,masters_1,Masters 1 (40–49),63+,2022,2,2,97.5,2,58.75,2,132.5,2026-10-05
F,Females,masters_1,Masters 1 (40–49),63+,2024,7,7,134.71,7,70.0,7,147.86,2026-10-05
F,Females,masters_1,Masters 1 (40–49),63+,2025,4,4,138.75,4,75.0,4,153.75,2026-10-05
F,Females,masters_1,Masters 1 (40–49),63+,2026,3,3,113.33,3,52.5,3,136.67,2026-10-05
F,Females,masters_1,Masters 1 (40–49),69,2022,231,231,114.14,231,65.56,231,141.77,2026-10-05
F,Females,masters_1,Masters 1 (40–49),69,2023,302,302,111.96,302,63.62,302,138.65,2026-10-05
F,Females,masters_1,Masters 1 (40–49),69,2024,339,339,115.26,339,64.51,339,137.76,2026-10-05
F,Females,masters_1,Masters 1 (40–49),69,2025,401,401,118.11,401,65.81,401,140.51,2026-10-05
F,Females,masters_1,Masters 1 (40–49),69,2026,279,279,119.21,279,65.83,279,141.38,2026-10-05
F,Females,masters_1,Masters 1 (40–49),69+,2023,2,2,98.75,2,61.25,2,152.5,2026-10-05
F,Females,masters_1,Masters 1 (40–49),69+,2025,1,1,125.0,1,57.5,1,147.5,2026-10-05
F,Females,masters_1,Masters 1 (40–49),69+,2026,1,1,145.0,1,95.0,1,172.5,2026-10-05
F,Females,masters_1,Masters 1 (40–49),76,2022,241,241,121.67,241,68.73,241,147.45,2026-10-05
F,Females,masters_1,Masters 1 (40–49),76,2023,278,278,121.71,278,68.14,278,146.87,2026-10-05
F,Females,masters_1,Masters 1 (40–49),76,2024,316,316,123.57,316,68.59,316,147.02,2026-10-05
F,Females,masters_1,Masters 1 (40–49),76,2025,356,356,125.21,356,69.66,356,148.29,2026-10-05
F,Females,masters_1,Masters 1 (40–49),76,2026,253,253,128.18,253,70.17,253,150.63,2026-10-05
F,Females,masters_1,Masters 1 (40–49),76+,2024,3,3,155.0,3,82.5,3,154.17,2026-10-05
F,Females,masters_1,Masters 1 (40–49),84,2022,219,219,123.95,219,68.23,219,148.45,2026-10-05
F,Females,masters_1,Masters 1 (40–49),84,2023,268,268,123.06,268,67.98,268,145.29,2026-10-05
F,Females,masters_1,Masters 1 (40–49),84,2024,286,286,130.47,286,72.91,286,153.88,2026-10-05
F,Females,masters_1,Masters 1 (40–49),84,2025,284,284,124.65,284,69.9,284,146.85,2026-10-05
F,Females,masters_1,Masters 1 (40–49),84,2026,196,196,128.57,196,71.75,196,151.05,2026-10-05
F,Females,masters_1,Masters 1 (40–49),84+,2022,243,243,133.63,243,75.04,243,157.21,2026-10-05
F,Females,masters_1,Masters 1 (40–49),84+,2023,304,304,129.83,304,72.6,304,152.18,2026-10-05
F,Females,masters_1,Masters 1 (40–49),84+,2024,359,359,133.5,359,74.86,359,153.03,2026-10-05
F,Females,masters_1,Masters 1 (40–49),84+,2025,391,391,131.62,391,74.22,391,150.88,2026-10-05
F,Females,masters_1,Masters 1 (40–49),84+,2026,271,271,135.13,271,75.86,271,153.82,2026-10-05
F,Females,masters_2,Masters 2 (50–59),47,2022,17,17,79.38,17,46.71,17,108.26,2026-10-05
F,Females,masters_2,Masters 2 (50–59),47,2023,16,16,89.5,16,51.59,16,111.81,2026-10-05
F,Females,masters_2,Masters 2 (50–59),47,2024,22,22,81.59,22,47.89,22,104.68,2026-10-05
F,Females,masters_2,Masters 2 (50–59),47,2025,34,34,84.38,34,49.26,34,107.88,2026-10-05
F,Females,masters_2,Masters 2 (50–59),47,2026,15,15,92.83,15,56.87,15,113.5,2026-10-05
F,Females,masters_2,Masters 2 (50–59),52,2022,45,45,91.9,45,53.96,45,117.99,2026-10-05
F,Females,masters_2,Masters 2 (50–59),52,2023,44,44,85.94,44,50.25,44,112.55,2026-10-05
F,Females,masters_2,Masters 2 (50–59),52,2024,59,59,85.93,59,51.36,59,112.39,2026-10-05
F,Females,masters_2,Masters 2 (50–59),52,2025,75,75,89.44,75,52.53,75,117.61,2026-10-05
F,Females,masters_2,Masters 2 (50–59),52,2026,68,68,91.88,68,54.31,68,119.85,2026-10-05
F,Females,masters_2,Masters 2 (50–59),57,2022,88,88,95.28,88,55.22,88,124.42,2026-10-05
F,Females,masters_2,Masters 2 (50–59),57,2023,95,95,93.79,95,53.78,95,120.84,2026-10-05
F,Females,masters_2,Masters 2 (50–59),57,2024,105,105,95.94,105,55.31,105,126.36,2026-10-05
F,Females,masters_2,Masters 2 (50–59),57,2025,112,112,95.23,112,54.4,112,121.75,2026-10-05
F,Females,masters_2,Masters 2 (50–59),57,2026,72,72,99.8,72,57.81,72,126.48,2026-10-05
F,Females,masters_2,Masters 2 (50–59),63,2022,126,126,93.83,126,54.96,126,120.9,2026-10-05
F,Females,masters_2,Masters 2 (50–59),63,2023,130,130,97.65,130,55.74,130,125.34,2026-10-05
F,Females,masters_2,Masters 2 (50–59),63,2024,152,152,101.28,152,57.67,152,128.4,2026-10-05
F,Females,masters_2,Masters 2 (50–59),63,2025,190,190,99.41,190,55.44,190,126.62,2026-10-05
F,Females,masters_2,Masters 2 (50–59),63,2026,131,131,99.39,131,58.08,131,125.28,2026-10-05
F,Females,masters_2,Masters 2 (50–59),69,2022,108,108,103.33,108,59.98,108,126.23,2026-10-05
F,Females,masters_2,Masters 2 (50–59),69,2023,131,131,102.02,131,60.76,131,127.06,2026-10-05
F,Females,masters_2,Masters 2 (50–59),69,2024,175,175,104.09,175,60.3,175,129.55,2026-10-05
F,Females,masters_2,Masters 2 (50–59),69,2025,200,200,105.45,200,60.3,200,129.27,2026-10-05
F,Females,masters_2,Masters 2 (50–59),69,2026,116,116,107.77,116,59.94,116,130.16,2026-10-05
F,Females,masters_2,Masters 2 (50–59),69+,2025,2,2,87.5,2,53.75,2,133.75,2026-10-05
F,Females,masters_2,Masters 2 (50–59),76,2022,113,113,103.77,113,60.98,113,130.42,2026-10-05
F,Females,masters_2,Masters 2 (50–59),76,2023,144,144,107.81,144,62.33,144,134.54,2026-10-05
F,Females,masters_2,Masters 2 (50–59),76,2024,164,164,107.4,164,62.01,163,135.12,2026-10-05
F,Females,masters_2,Masters 2 (50–59),76,2025,205,205,109.53,205,61.63,205,134.78,2026-10-05
F,Females,masters_2,Masters 2 (50–59),76,2026,132,132,114.1,132,63.3,132,142.1,2026-10-05
F,Females,masters_2,Masters 2 (50–59),76+,2024,1,1,105.0,1,57.5,1,148.0,2026-10-05
F,Females,masters_2,Masters 2 (50–59),76+,2025,1,1,112.5,1,63.0,1,152.5,2026-10-05
F,Females,masters_2,Masters 2 (50–59),84,2022,88,88,113.18,88,63.15,88,138.81,2026-10-05
F,Females,masters_2,Masters 2 (50–59),84,2023,101,101,112.29,101,64.46,101,142.18,2026-10-05
F,Females,masters_2,Masters 2 (50–59),84,2024,129,128,118.17,129,65.47,129,146.11,2026-10-05
F,Females,masters_2,Masters 2 (50–59),84,2025,157,157,115.25,157,64.6,157,140.48,2026-10-05
F,Females,masters_2,Masters 2 (50–59),84,2026,127,127,121.22,127,67.37,127,145.83,2026-10-05
F,Females,masters_2,Masters 2 (50–59),84+,2022,105,105,116.58,105,69.87,105,144.0,2026-10-05
F,Females,masters_2,Masters 2 (50–59),84+,2023,126,126,119.01,126,69.41,126,145.18,2026-10-05
F,Females,masters_2,Masters 2 (50–59),84+,2024,169,169,118.67,169,68.64,169,142.68,2026-10-05
F,Females,masters_2,Masters 2 (50–59),84+,2025,204,204,116.84,204,67.52,204,142.57,2026-10-05
F,Females,masters_2,Masters 2 (50–59),84+,2026,151,151,122.88,151,71.42,151,147.2,2026-10-05
F,Females,masters_3,Masters 3 (60–69),47,2022,8,8,73.75,8,46.31,8,105.5,2026-10-05
F,Females,masters_3,Masters 3 (60–69),47,2023,16,16,71.13,16,44.25,16,103.31,2026-10-05
F,Females,masters_3,Masters 3 (60–69),47,2024,18,18,69.78,18,44.58,18,103.83,2026-10-05
F,Females,masters_3,Masters 3 (60–69),47,2025,25,25,77.14,25,44.4,25,104.94,2026-10-05
F,Females,masters_3,Masters 3 (60–69),47,2026,18,18,79.33,18,46.69,18,109.92,2026-10-05
F,Females,masters_3,Masters 3 (60–69),52,2022,20,20,75.5,20,49.2,20,105.5,2026-10-05
F,Females,masters_3,Masters 3 (60–69),52,2023,30,30,79.2,30,49.73,30,112.72,2026-10-05
F,Females,masters_3,Masters 3 (60–69),52,2024,28,28,76.0,28,48.2,28,108.09,2026-10-05
F,Females,masters_3,Masters 3 (60–69),52,2025,36,36,84.46,36,46.88,36,110.22,2026-10-05
F,Females,masters_3,Masters 3 (60–69),52,2026,24,24,80.13,24,49.48,24,108.15,2026-10-05
F,Females,masters_3,Masters 3 (60–69),57,2022,40,40,78.34,40,47.31,40,107.61,2026-10-05
F,Females,masters_3,Masters 3 (60–69),57,2023,45,45,87.82,45,50.5,45,117.16,2026-10-05
F,Females,masters_3,Masters 3 (60–69),57,2024,51,51,88.22,51,50.46,51,117.59,2026-10-05
F,Females,masters_3,Masters 3 (60–69),57,2025,45,45,85.52,45,51.68,45,115.57,2026-10-05
F,Females,masters_3,Masters 3 (60–69),57,2026,50,50,87.22,50,50.77,50,116.09,2026-10-05
F,Females,masters_3,Masters 3 (60–69),63,2022,62,62,86.05,62,49.14,62,117.79,2026-10-05
F,Females,masters_3,Masters 3 (60–69),63,2023,70,70,85.29,70,48.33,70,112.79,2026-10-05
F,Females,masters_3,Masters 3 (60–69),63,2024,76,76,86.88,76,49.8,76,117.09,2026-10-05
F,Females,masters_3,Masters 3 (60–69),63,2025,98,98,85.4,98,51.15,98,116.63,2026-10-05
F,Females,masters_3,Masters 3 (60–69),63,2026,56,56,88.91,56,51.46,56,119.05,2026-10-05
F,Females,masters_3,Masters 3 (60–69),69,2022,60,59,86.59,60,49.79,60,116.14,2026-10-05
F,Females,masters_3,Masters 3 (60–69),69,2023,70,70,87.65,70,50.76,70,119.94,2026-10-05
F,Females,masters_3,Masters 3 (60–69),69,2024,75,75,88.99,75,53.73,75,120.09,2026-10-05
F,Females,masters_3,Masters 3 (60–69),69,2025,71,71,88.73,71,52.81,71,118.24,2026-10-05
F,Females,masters_3,Masters 3 (60–69),69,2026,59,59,91.72,59,56.92,59,119.87,2026-10-05
F,Females,masters_3,Masters 3 (60–69),76,2022,55,55,88.39,55,50.96,55,118.9,2026-10-05
F,Females,masters_3,Masters 3 (60–69),76,2023,48,48,97.16,48,55.46,48,123.03,2026-10-05
F,Females,masters_3,Masters 3 (60–69),76,2024,49,49,95.96,49,54.5,49,119.9,2026-10-05
F,Females,masters_3,Masters 3 (60–69),76,2025,75,75,97.52,75,57.33,75,125.07,2026-10-05
F,Females,masters_3,Masters 3 (60–69),76,2026,70,70,97.93,70,58.5,70,127.63,2026-10-05
F,Females,masters_3,Masters 3 (60–69),84,2022,31,31,98.1,31,59.32,31,130.06,2026-10-05
F,Females,masters_3,Masters 3 (60–69),84,2023,34,34,98.85,34,55.49,34,129.81,2026-10-05
F,Females,masters_3,Masters 3 (60–69),84,2024,41,41,96.48,41,56.82,41,124.67,2026-10-05
F,Females,masters_3,Masters 3 (60–69),84,2025,53,53,97.52,53,58.33,53,126.82,2026-10-05
F,Females,masters_3,Masters 3 (60–69),84,2026,47,47,94.66,47,56.78,47,122.32,2026-10-05
F,Females,masters_3,Masters 3 (60–69),84+,2022,36,36,96.19,36,57.51,36,125.38,2026-10-05
F,Females,masters_3,Masters 3 (60–69),84+,2023,43,43,96.37,43,57.85,43,130.52,2026-10-05
F,Females,masters_3,Masters 3 (60–69),84+,2024,63,63,105.72,63,61.87,63,137.13,2026-10-05
F,Females,masters_3,Masters 3 (60–69),84+,2025,78,78,100.8,78,60.72,78,130.89,2026-10-05
F,Females,masters_3,Masters 3 (60–69),84+,2026,49,49,107.39,49,59.64,49,132.96,2026-10-05
F,Females,masters_4,Masters 4 (70+),47,2022,5,5,61.5,5,33.0,5,93.5,2026-10-05
F,Females,masters_4,Masters 4 (70+),47,2023,2,2,78.75,2,35.0,2,108.75,2026-10-05
F,Females,masters_4,Masters 4 (70+),47,2024,5,5,52.0,5,38.4,5,88.2,2026-10-05
F,Females,masters_4,Masters 4 (70+),47,2025,3,3,40.83,3,26.67,3,82.5,2026-10-05
F,Females,masters_4,Masters 4 (70+),47,2026,6,6,67.25,6,38.58,6,102.08,2026-10-05
F,Females,masters_4,Masters 4 (70+),52,2022,4,4,58.88,4,37.0,4,94.0,2026-10-05
F,Females,masters_4,Masters 4 (70+),52,2023,6,6,57.5,6,34.58,6,90.42,2026-10-05
F,Females,masters_4,Masters 4 (70+),52,2024,15,15,54.5,15,38.57,15,87.5,2026-10-05
F,Females,masters_4,Masters 4 (70+),52,2025,12,12,72.13,12,46.96,12,104.29,2026-10-05
F,Females,masters_4,Masters 4 (70+),52,2026,8,8,65.38,8,43.13,8,94.75,2026-10-05
F,Females,masters_4,Masters 4 (70+),57,2022,16,16,66.44,16,39.59,16,104.13,2026-10-05
F,Females,masters_4,Masters 4 (70+),57,2023,12,12,72.0,12,40.5,12,109.29,2026-10-05
F,Females,masters_4,Masters 4 (70+),57,2024,12,12,74.67,12,41.38,12,108.96,2026-10-05
F,Females,masters_4,Masters 4 (70+),57,2025,15,15,57.2,15,36.5,15,87.27,2026-10-05
F,Females,masters_4,Masters 4 (70+),57,2026,10,10,67.4,10,39.25,10,95.5,2026-10-05
F,Females,masters_4,Masters 4 (70+),63,2022,11,11,61.14,11,46.41,11,98.64,2026-10-05
F,Females,masters_4,Masters 4 (70+),63,2023,11,11,60.0,11,41.41,11,86.36,2026-10-05
F,Females,masters_4,Masters 4 (70+),63,2024,13,13,67.96,13,41.23,13,95.04,2026-10-05
F,Females,masters_4,Masters 4 (70+),63,2025,32,32,72.14,32,43.83,32,101.11,2026-10-05
F,Females,masters_4,Masters 4 (70+),63,2026,24,24,72.92,24,45.94,24,106.56,2026-10-05
F,Females,masters_4,Masters 4 (70+),69,2022,8,8,95.0,8,58.13,8,115.06,2026-10-05
F,Females,masters_4,Masters 4 (70+),69,2023,5,5,97.9,5,59.5,5,122.5,2026-10-05
F,Females,masters_4,Masters 4 (70+),69,2024,20,20,77.6,20,44.1,20,114.38,2026-10-05
F,Females,masters_4,Masters 4 (70+),69,2025,17,17,95.18,17,51.53,17,123.88,2026-10-05
F,Females,masters_4,Masters 4 (70+),69,2026,16,16,80.81,16,45.22,16,115.81,2026-10-05
F,Females,masters_4,Masters 4 (70+),76,2022,4,4,52.5,4,36.25,4,78.75,2026-10-05
F,Females,masters_4,Masters 4 (70+),76,2023,5,5,83.5,5,51.5,5,115.8,2026-10-05
F,Females,masters_4,Masters 4 (70+),76,2024,9,9,72.5,9,48.06,9,109.11,2026-10-05
F,Females,masters_4,Masters 4 (70+),76,2025,27,27,66.11,27,41.59,27,102.54,2026-10-05
F,Females,masters_4,Masters 4 (70+),76,2026,17,17,75.85,17,45.94,17,106.21,2026-10-05
F,Females,masters_4,Masters 4 (70+),84,2023,1,1,102.5,1,40.0,1,105.0,2026-10-05
F,Females,masters_4,Masters 4 (70+),84,2024,3,3,99.17,3,49.17,3,122.5,2026-10-05
F,Females,masters_4,Masters 4 (70+),84,2025,4,4,93.13,4,46.88,4,111.88,2026-10-05
F,Females,masters_4,Masters 4 (70+),84,2026,6,6,63.42,6,39.08,6,87.5,2026-10-05
F,Females,masters_4,Masters 4 (70+),84+,2022,1,1,82.5,1,52.5,1,115.0,2026-10-05
F,Females,masters_4,Masters 4 (70+),84+,2023,1,1,107.5,1,67.5,1,127.5,2026-10-05
F,Females,masters_4,Masters 4 (70+),84+,2024,4,4,95.38,4,62.25,4,130.88,2026-10-05
F,Females,masters_4,Masters 4 (70+),84+,2025,3,3,87.5,3,56.83,3,121.83,2026-10-05
F,Females,masters_4,Masters 4 (70+),84+,2026,7,7,85.79,7,47.43,7,120.5,2026-10-05
